,ratio,mean_pos_sim,mean_diff,method,reduction_rate
0,0.9683926249458207,0.733018402712927,0.22860689027530667,CLS vector,1.0
