,ratio,mean_pos_sim,mean_diff,method,reduction_rate
0,0.713699863301437,0.46149240602519764,0.07835374816948615,CLS vector,1.0
