,ratio,mean_pos_sim,mean_diff,method,reduction_rate
0,0.751016915245949,0.9615564,0.027460754,Autoencoder,64.0
0,0.8379270488341595,0.9602467,0.02749896,Autoencoder,32.0
0,0.9099224254817845,0.97059065,0.023798823,Autoencoder,16.0
0,0.9358176443130543,0.962036,0.03186351,Autoencoder,8.0
0,0.9585009669030208,0.98716295,0.01095289,Autoencoder,2.0
