,ratio,mean_pos_sim,mean_diff,method,reduction_rate
0,0.6385894329725044,0.6429902004806879,0.212867718833972,Sum parts (256),256.0
0,0.7381137611416124,0.7047052640007051,0.22575741553770828,Sum parts (128),128.0
0,0.8193558425392874,0.7163228149285523,0.2323763222533795,Sum parts (64),64.0
0,0.880448554091,0.7302305756636606,0.2310796822159304,Sum parts (32),32.0
0,0.9199582120073796,0.7333875547078023,0.23010076800504486,Sum parts (16),16.0
0,0.9440085354197693,0.7312255421306983,0.22867190050420816,Sum parts (8),8.0
0,0.9576452021605282,0.7316465112650524,0.22902230179343663,Sum parts (4),4.0
